day,date,start_time,end_time,duration_min,type,title,city,location_name,address,lat,lng,status,booking_ref,booking_url,cost_amount,cost_currency,cost_split,notes,source_url,transit_mode,carrier,vehicle_no,route_number,from_location,to_location,departure_terminal,departure_gate,arrival_terminal,arrival_gate,seat,travel_class,pickup_time,pickup_address,check_in,check_out,nights,room_type,guests_count,meal_type,cuisine,category,ticket_required
1,,15:00,,,lodging,Sample Hotel (3 nights),Lisbon,Sample Boutique Hotel,"Rua das Flores 100, Lisbon",38.7100,-9.1400,booked,HOTEL-REF-001,https://example.com/hotel,360.00,EUR,shared,Two doubles on upper floor.,,,,,,,,,,,,,,,,2026-09-01 15:00,2026-09-04 11:00,3,Two doubles,2,,,,
1,,,,,activity,Walk through Alfama district,Lisbon,Miradouro de Santa Luzia,"Largo de Santa Luzia, Lisbon",38.7117,-9.1306,planned,,,,,,Self-guided. Sunset is the move.,,,,,,,,,,,,,,,,,,,,,,,sightseeing,false
1,,20:00,,90,meal,Dinner at sample tasca,Lisbon,Sample Tasca,"Travessa do Sequeiro 50, Lisbon",38.7095,-9.1422,planned,,,45.00,EUR,shared,No reservations. Order the bacalhau.,,,,,,,,,,,,,,,,,,,,,dinner,Portuguese,,
2,,06:50,07:10,,transit,Bolt to Lisboa Santa Apolónia,Lisbon,,,,,booked,,https://bolt.eu/,9.50,EUR,shared,Pickup at hotel lobby. PIN sent in-app.,,rideshare,Bolt,,,Sample Boutique Hotel,Lisboa Santa Apolónia,,,,,,,2026-09-02 06:50,Hotel lobby,,,,,,,,,
2,,07:25,14:39,,transit,Train Lisbon → Porto,,,,,,booked,CP-AP-001,https://www.cp.pt/,72.00,EUR,personal,Alfa Pendular. Reserve seats together.,,train,Comboios de Portugal,AP 120,,Lisboa Santa Apolónia,Porto Campanhã,Sala 5,Platform 4,,,coach 12 seats 41-42,1st class,,,,,,,,,,
2,,15:00,15:25,,transit,Metro red line to apartment,Porto,,,,,,planned,,,1.60,EUR,personal,Hop off at Trindade and walk 6 min.,,metro,Metro do Porto,,Line D (yellow),Trindade,São Bento,,,,,,,,,,,,,,,,,
2,,15:30,,,lodging,Sample Porto Apartment (2 nights),Porto,Sample Airbnb,"Rua das Flores 25, Porto",41.1430,-8.6130,booked,AIRBNB-002,https://www.airbnb.com/,220.00,EUR,shared,Self check-in.,,,,,,,,,,,,,,,,2026-09-02 15:30,2026-09-04 10:00,2,2BR apartment,4,,,,
3,,08:00,10:30,,transit,FlixBus to Braga (day trip),Porto,,,,,,booked,FLX-N910-001,https://www.flixbus.com/,12.00,EUR,personal,Stand 14 at Casa da Música terminal.,,bus,FlixBus,N910,,Porto Casa da Música,Braga Central Station,,Stand 14,,,12B,standard,,,,,,,,,,
3,,,,,note,Decide between Douro day-trip or beach,,,,,,planned,,,,,,Open question — Anna prefers Douro,,,,,,,,,,,,,,,,,,,,,,,
