day,date,start_time,end_time,duration_min,type,title,city,location_name,address,lat,lng,status,booking_ref,booking_url,cost_amount,cost_currency,cost_split,notes,source_url,transit_mode,carrier,vehicle_no,from_location,to_location,check_in,check_out,nights,room_type,guests_count,meal_type,cuisine,category,ticket_required
1,2026-06-13,18:25,13:40,,transit,Flight YYZ → BUD (Air Canada AC1810),Budapest,Liszt Ferenc International Airport,"Liszt Ferenc International Airport, Budapest",47.4979,19.0402,booked,QV8X2P,,1245.00,CAD,personal,Overnight flight. Sleep on the plane.,,flight,Air Canada,AC1810,Toronto Pearson (YYZ),Budapest (BUD),,,,,,,,,
1,2026-06-13,15:00,,,lodging,Hotel Rum Budapest (4 nights),Budapest,Hotel Rum Budapest,"Királyi Pál u. 4, 1053 Budapest",47.4912,19.0581,booked,RUM-2026-06-13-7741,https://www.hotelrumbudapest.com/,144000.00,HUF,shared,Two adjoining doubles on the 5th floor. Roof bar opens at 17:00.,https://www.hotelrumbudapest.com/,,,,,,2026-06-13 15:00,2026-06-17 11:00,4,Two adjoining doubles,4,,,,
1,2026-06-13,19:30,,75,meal,Casual first dinner — Belvárosi Disznótoros,Budapest,Belvárosi Disznótoros,"Király u. 1/d, 1075 Budapest",47.4980,19.0581,planned,,,16000.00,HUF,shared,No reservations — order at the counter. Try the szürkemarha sausage.,,,,,,,,,,,,dinner,Hungarian,,
2,2026-06-14,09:00,,60,meal,Breakfast at Centrál Café,Budapest,Centrál Café,"Károlyi u. 9, 1053 Budapest",47.4914,19.0573,planned,,,12000.00,HUF,shared,Get the eggs Benedict.,,,,,,,,,,,,breakfast,European,,
2,2026-06-14,11:00,,60,activity,"Parliament tour (English, 11:00)",Budapest,Hungarian Parliament Building,"Kossuth Lajos tér 1-3, 1055 Budapest",47.5070,19.0456,booked,PARL-EN-11-2026-06-14,https://jegymester.hu/eng/parlament,12000.00,HUF,personal,Tickets are per-person; bring passports. Photo ID required at entry.,https://jegymester.hu/eng/parlament,,,,,,,,,,,,,sightseeing,true
2,2026-06-14,13:30,,150,activity,Walk: Chain Bridge → Buda Castle (funicular),Budapest,Buda Castle,"Szent György tér 2, 1014 Budapest",47.4961,19.0399,planned,,,6000.00,HUF,personal,Funicular is touristy but worth it. Skip if the queue is >30 min and walk up.,,,,,,,,,,,,,sightseeing,false
2,2026-06-14,16:00,,90,activity,Fisherman's Bastion + Matthias Church,Budapest,Fisherman's Bastion,"Szentháromság tér, 1014 Budapest",47.5018,19.0345,planned,,,2500.00,HUF,personal,Upper terraces are paid; lower terraces are free and give the same view.,,,,,,,,,,,,,sightseeing,true
2,2026-06-14,20:00,,90,meal,Dinner — Hungarian goulash (TBD),Budapest,,,47.4979,19.0402,planned,,,,,shared,Anna to pick a spot — Leo allergic to paprika? confirm.,,,,,,,,,,,,dinner,Hungarian,,
3,2026-06-15,10:00,,180,activity,Széchenyi Thermal Bath (morning),Budapest,Széchenyi Thermal Bath,"Állatkerti krt. 9-11, 1146 Budapest",47.5189,19.0814,planned,,,11000.00,HUF,personal,Bring flip-flops. Rent towel on-site (700 HUF).,,,,,,,,,,,,,outdoor,true
3,2026-06-15,14:00,,90,activity,Heroes' Square + walk through City Park,Budapest,Heroes' Square,"Hősök tere, 1146 Budapest",47.5147,19.0778,planned,,,,,shared,Right next to Széchenyi; do these together.,,,,,,,,,,,,,sightseeing,false
3,2026-06-15,21:00,,150,activity,Szimpla Kert ruin bar (evening),Budapest,Szimpla Kert,"Kazinczy u. 14, 1075 Budapest",47.4969,19.0623,planned,,,8000.00,HUF,personal,Iconic. Gets packed after 22:30.,,,,,,,,,,,,,nightlife,false
4,2026-06-16,09:15,09:55,,transit,HÉV suburban train: Batthyány tér → Szentendre,Szentendre,Szentendre,"Fő tér, 2000 Szentendre",47.6664,19.0769,planned,,,960.00,HUF,personal,Buy ticket at the machine; tap & ride.,,train,BKK HÉV,H5,Budapest Batthyány tér,Szentendre,,,,,,,,,
4,2026-06-16,10:00,,300,activity,Wander Szentendre Old Town + Marzipan Museum,Szentendre,Szentendre Old Town,"Fő tér, 2000 Szentendre",47.6664,19.0769,planned,,,3000.00,HUF,personal,Lunch at a Danube-side terrace.,,,,,,,,,,,,,sightseeing,false
4,2026-06-16,20:00,,120,meal,Farewell-to-Budapest dinner,Budapest,,,47.4979,19.0402,planned,,,,,shared,Pick something near the hotel — early train tomorrow.,,,,,,,,,,,,dinner,Hungarian,,
5,2026-06-17,07:25,14:39,,transit,EuroCity train EC 273 'Metropolitan': Budapest Keleti → Praha hl.n.,Prague,Praha hlavní nádraží,"Wilsonova 8, 110 00 Praha 1",50.0832,14.4357,booked,MAV-EC273-2026-06-17,https://jegy.mav.hu/,64000.00,HUF,personal,Reserved 4 seats together. Dining car is decent enough.,https://jegy.mav.hu/,train,MÁV-START / ČD,EC 273,Budapest Keleti,Praha hlavní nádraží,,,,,,,,,
5,2026-06-17,15:30,,,lodging,Hotel U Prince (3 nights),Prague,Hotel U Prince,"Staroměstské nám. 29, 110 00 Staré Město",50.0875,14.4214,booked,UPRINCE-2026-06-17-5519,https://www.hoteluprince.com/,16200.00,CZK,shared,Right on Old Town Square. Rooftop terrace — go up for sunset.,https://www.hoteluprince.com/,,,,,,2026-06-17 15:30,2026-06-20 11:00,3,Two doubles,4,,,,
5,2026-06-17,20:00,,90,meal,First Prague dinner — Lokál Dlouhááá,Prague,Lokál Dlouhááá,"Dlouhá 33, 110 00 Staré Město",50.0903,14.4257,planned,,,2400.00,CZK,shared,Classic Pilsner Urquell tankovna. No reservations.,,,,,,,,,,,,dinner,Czech,,
6,2026-06-18,09:00,,60,activity,Old Town Square & Astronomical Clock (top of hour),Prague,Old Town Square,"Staroměstské nám., 110 00 Staré Město",50.0875,14.4213,planned,,,,,shared,Be in the square 5 min before the hour.,,,,,,,,,,,,,sightseeing,false
6,2026-06-18,10:30,,90,activity,Walk Charles Bridge → Malá Strana,Prague,Charles Bridge,"Karlův most, 110 00 Praha 1",50.0865,14.4114,planned,,,,,shared,Get there before the crowds (yes ha).,,,,,,,,,,,,,sightseeing,false
6,2026-06-18,14:00,,180,activity,Prague Castle complex (timed entry 14:00),Prague,Prague Castle,"Hradčany, 119 08 Praha 1",50.0909,14.4006,booked,HRADCZ-2026-06-18-14,https://www.hrad.cz/,1800.00,CZK,personal,"Circuit B covers St. Vitus, Old Royal Palace, Basilica, Golden Lane.",https://www.hrad.cz/,,,,,,,,,,,,,sightseeing,true
6,2026-06-18,20:30,,105,meal,Dinner at U Medvídků (own brewery),Prague,U Medvídků,"Na Perštýně 7, 100 00 Staré Město",50.0830,14.4194,planned,,,2800.00,CZK,shared,Try the X-Beer 33 if anyone's brave.,,,,,,,,,,,,dinner,Czech,,
7,2026-06-19,10:00,,180,activity,Jewish Quarter walking circuit (Josefov),Prague,Jewish Quarter (Josefov),"Josefov, 110 00 Praha 1",50.0902,14.4185,planned,,,500.00,CZK,personal,Combined ticket covers 4 synagogues + cemetery. Closed Saturdays.,,,,,,,,,,,,,museum,true
7,2026-06-19,14:00,,60,activity,Lennon Wall & Kampa Island,Prague,Lennon Wall,"Velkopřevorské nám., 100 00 Malá Strana",50.0863,14.4072,planned,,,,,shared,Quick photo stop on the way to Petřín.,,,,,,,,,,,,,sightseeing,false
7,2026-06-19,15:30,,120,activity,Funicular up Petřín + Lookout Tower,Prague,Petřín Hill & Lookout Tower,"Petřínské sady, 118 00 Praha 1",50.0838,14.3950,planned,,,250.00,CZK,personal,Use Prague transit pass on the funicular.,,,,,,,,,,,,,outdoor,true
7,2026-06-19,,,,note,Pick a dinner spot for tonight,Prague,,,,,planned,,,,,,Open question. Maya wants Vietnamese James votes for another beer hall. Decide by morning of.,,,,,,,,,,,,,,
8,2026-06-20,09:08,10:00,,transit,Train Praha hl.n. → Kutná Hora hl.n.,Kutná Hora,Kutná Hora,"Zámecká, 284 03 Kutná Hora",49.9510,15.2680,planned,,,240.00,CZK,personal,Buy tickets at the machine. Return train at 16:38.,,train,České dráhy,,Praha hlavní nádraží,Kutná Hora hlavní nádraží,,,,,,,,,
8,2026-06-20,10:30,,300,activity,Sedlec Ossuary + St. Barbara's Church,Kutná Hora,Kutná Hora (Sedlec Ossuary),"Zámecká, 284 03 Kutná Hora",49.9510,15.2680,planned,,,360.00,CZK,personal,Bone church and the cathedral. Lunch in between.,,,,,,,,,,,,,sightseeing,true
8,2026-06-20,20:30,,120,activity,Jazz Dock evening set (20:30),Prague,Jazz Dock,"Janáčkovo nábř. 2, 150 00 Praha 5",50.0780,14.4083,booked,JAZZDOCK-2026-06-20-2030,https://www.jazzdock.cz/,800.00,CZK,personal,Tickets are reserved seats — pick them up at door.,https://www.jazzdock.cz/,,,,,,,,,,,,,nightlife,true
9,2026-06-21,11:55,13:25,,transit,Flight PRG → SPU (Smartwings QS 1131),Split,Split Airport (SPU),"Cesta dr. Franje Tuđmana 1270, 21217 Kaštel Štafilić",43.5390,16.2980,booked,QS1131-X4P8K2,,360.00,EUR,personal,"Carry-on only, no checked bags booked.",,flight,Smartwings,QS 1131,Václav Havel Airport Prague,Split Airport (SPU),,,,,,,,,
9,2026-06-21,15:00,,,lodging,Apartment Riva Split (2 nights),Split,Apartment Riva Split,"Marmontova 3, 21000 Split",43.5089,16.4393,booked,AIRBNB-RIVA-2026-06-21,https://www.airbnb.com/rooms/sample-riva-split,320.00,EUR,shared,Self check-in via keypad. Hostess sends code morning of.,https://www.airbnb.com/rooms/sample-riva-split,,,,,,2026-06-21 15:00,2026-06-23 10:00,2,2BR apartment,4,,,,
9,2026-06-21,20:30,,120,meal,Dinner: Konoba Matejuška (seafood),Split,Konoba Matejuška,"Tomića stine 3, 21000 Split",43.5071,16.4358,planned,,,180.00,EUR,shared,Tiny — go right at opening or book ahead.,,,,,,,,,,,,dinner,Dalmatian seafood,,
10,2026-06-22,10:00,,180,activity,Diocletian's Palace self-guided walk,Split,Diocletian's Palace,"Trg Republike 1, 21000 Split",43.5081,16.4402,planned,,,15.00,EUR,personal,Cathedral bell tower climb worth it for the view.,,,,,,,,,,,,,sightseeing,true
10,2026-06-22,14:00,,180,activity,Bačvice beach afternoon,Split,Bačvice Beach,"Šetalište Petra Preradovića, 21000 Split",43.5060,16.4475,completed,,,,,shared,Sandy beach (rare in Croatia). Locals play picigin in the shallows.,,,,,,,,,,,,,outdoor,false
10,2026-06-22,17:30,,120,activity,Marjan Hill hike + sunset,Split,Marjan Hill,"Šetalište Ivana Meštrovića, 21000 Split",43.5125,16.4221,planned,,,,,shared,Bring water. Trail starts behind Varoš district.,,,,,,,,,,,,,outdoor,false
11,2026-06-23,13:00,14:00,,transit,Catamaran Split → Hvar (Krilo Jet),Hvar,Hvar Town Port,"Riva, 21450 Hvar",43.1729,16.4413,booked,KRILO-2026-06-23-1300,https://www.krilo.hr/,48.00,EUR,personal,Foot-passenger only. Be at the dock 30 min before.,https://www.krilo.hr/,ferry,Kapetan Luka (Krilo),,Split Ferry Port,Hvar Town Port,,,,,,,,,
11,2026-06-23,15:00,,,lodging,Villa Skansi Hvar (2 nights),Hvar,Villa Skansi Hvar,"Križna luka 9, 21450 Hvar",43.1740,16.4475,booked,SKANSI-2026-06-23-2N,https://www.booking.com/sample-villa-skansi-hvar,380.00,EUR,shared,10 min uphill walk from port. Has a small pool.,https://www.booking.com/sample-villa-skansi-hvar,,,,,,2026-06-23 15:00,2026-06-25 09:00,2,Two doubles with sea view,4,,,,
11,2026-06-23,20:00,,120,meal,Sunset dinner: Dalmatino Hvar,Hvar,Dalmatino Hvar,"Sv. Marak 1, 21450 Hvar",43.1732,16.4427,booked,DALMATINO-2026-06-23-20,,240.00,EUR,shared,Reservation under 'Chen'. Beef cheek is the standout.,,,,,,,,,,,,,dinner,Modern Croatian,,
12,2026-06-24,10:00,,360,activity,Pakleni Islands boat day (Carpe Diem Beach),Hvar,Pakleni Islands,"Pakleni otoci, 21450",43.1633,16.4140,planned,,,60.00,EUR,personal,"Water taxis leave from Hvar Riva all morning. ~5 min ride to Jerolim, longer to Palmižana.",,,,,,,,,,,,,outdoor,true
12,2026-06-24,19:30,,75,activity,Hike up to Fortica (Spanish Fortress) for sunset,Hvar,Fortica (Spanish Fortress),"Biskupa Jurja Dubokovića, 21450 Hvar",43.1770,16.4408,planned,,,10.00,EUR,personal,20 minute uphill walk. Iconic view over Pakleni at sunset.,,,,,,,,,,,,,sightseeing,true
13,2026-06-25,08:00,09:00,,transit,Ferry Hvar → Split (early),Split,Split Ferry Port (Gat sv. Duje),"Gat sv. Duje, 21000 Split",43.5050,16.4421,booked,KRILO-2026-06-25-0800,,48.00,EUR,personal,Walk-on. Coffee on board.,,ferry,Kapetan Luka (Krilo),,Hvar Town Port,Split Ferry Port,,,,,,,,,
13,2026-06-25,13:10,22:55,,transit,"Flight SPU → YYZ (return, multi-leg)",Split,Split Airport (SPU),"Cesta dr. Franje Tuđmana 1270, 21217 Kaštel Štafilić",43.5390,16.2980,booked,QV8X2P,,0.00,CAD,personal,SPU→FRA→YYZ. Cost is in the day-1 outbound booking.,,flight,Lufthansa + Air Canada,,Split Airport (SPU),Toronto Pearson (YYZ),,,,,,,,,
